{"cameraMode":{"drawMode":0,"name":"Shaded","section":"Shading Mode"},"sceneLighting":true,"audioPlay":false,"sceneViewState":{"showFog":false,"showMaterialUpdate":false,"showSkybox":false,"showFlares":false,"showImageEffects":false,"showParticleSystems":false},"in2DMode":false,"pivot":{"x":0.7503080368041992,"y":1.7183706760406495,"z":-2.8722214698791506},"rotation":{"x":0.13133370876312257,"y":-0.26710739731788638,"z":0.03677276521921158,"w":0.9539669752120972},"size":5.01245641708374,"orthographic":false}